,date,code,weight
0,2013-07-31,600654.SH,0.04499700828384611
1,2013-07-31,002410.SZ,0.09333712382816826
2,2013-07-31,002273.SZ,0.06363376388167243
3,2013-07-31,002049.SZ,0.06806512692331573
4,2013-07-31,600633.SH,0.11275901416960683
5,2013-07-31,600056.SH,0.05928408073688078
6,2013-07-31,002503.SZ,0.03645043388125955
7,2013-07-31,600292.SH,0.06778507500622355
8,2013-07-31,000503.SZ,0.1049340241182169
9,2013-07-31,002161.SZ,0.043965187333877276
10,2013-07-31,000829.SZ,0.03625712075530295
11,2013-07-31,600628.SH,0.019038423800070436
12,2013-07-31,002429.SZ,0.05914566228803233
13,2013-07-31,002230.SZ,0.14192935678157242
14,2013-07-31,000848.SZ,0.04841859821195436
0,2013-08-30,600654.SH,0.03865170507774309
1,2013-08-30,000503.SZ,0.1045259543520624
2,2013-08-30,000712.SZ,0.05718437018745895
3,2013-08-30,600633.SH,0.12481215822834298
4,2013-08-30,002503.SZ,0.031854157009862445
5,2013-08-30,002475.SZ,0.08709953617585536
6,2013-08-30,600588.SH,0.07104902956626707
7,2013-08-30,603000.SH,0.10240808279815247
8,2013-08-30,002410.SZ,0.07415355934117904
9,2013-08-30,000400.SZ,0.0848885426318015
10,2013-08-30,600575.SH,0.050662473453793634
11,2013-08-30,000028.SZ,0.057241019297585884
12,2013-08-30,600570.SH,0.058144655813735645
13,2013-08-30,000719.SZ,0.02917195558157103
14,2013-08-30,600139.SH,0.02815280048458825
0,2013-09-30,600200.SH,0.062163353116033764
1,2013-09-30,002410.SZ,0.10887837691397438
2,2013-09-30,600618.SH,0.06327941578476919
3,2013-09-30,600867.SH,0.12392383073973222
4,2013-09-30,000903.SZ,0.022681663757523216
5,2013-09-30,600468.SH,0.039133755337008344
6,2013-09-30,600601.SH,0.047036713211335006
7,2013-09-30,600645.SH,0.06634409876329132
8,2013-09-30,000503.SZ,0.12119726088301082
9,2013-09-30,600557.SH,0.08038028964503431
10,2013-09-30,002273.SZ,0.04765112756896259
11,2013-09-30,600651.SH,0.02953561637729954
12,2013-09-30,002022.SZ,0.05313678495879347
13,2013-09-30,600588.SH,0.08469277049018592
14,2013-09-30,002635.SZ,0.04996494245304585
0,2013-10-31,600511.SH,0.08531571641458598
1,2013-10-31,002419.SZ,0.08752870441733167
2,2013-10-31,600729.SH,0.07499025010079184
3,2013-10-31,000987.SZ,0.03066374921634924
4,2013-10-31,002277.SZ,0.05783608065417099
5,2013-10-31,002063.SZ,0.07830625124030731
6,2013-10-31,603000.SH,0.15685442384938728
7,2013-10-31,002262.SZ,0.07197325664832474
8,2013-10-31,600776.SH,0.05613909051733371
9,2013-10-31,000608.SZ,0.0339443032873371
10,2013-10-31,000712.SZ,0.0801935479278202
11,2013-10-31,600479.SH,0.030706975541019855
12,2013-10-31,002285.SZ,0.0489490396856949
13,2013-10-31,002219.SZ,0.06872655733118475
14,2013-10-31,600468.SH,0.037872053168360544
0,2013-11-29,002262.SZ,0.08904564871853009
1,2013-11-29,600511.SH,0.08843033852949325
2,2013-11-29,600438.SH,0.06359315878458659
3,2013-11-29,002063.SZ,0.08254295819909525
4,2013-11-29,002225.SZ,0.045337317073239534
5,2013-11-29,600525.SH,0.07252988534499122
6,2013-11-29,000608.SZ,0.03631334330382839
7,2013-11-29,000501.SZ,0.059033795493846866
8,2013-11-29,002305.SZ,0.07052888765129708
9,2013-11-29,000587.SZ,0.06422415367426351
10,2013-11-29,600312.SH,0.06727227964325898
11,2013-11-29,600112.SH,0.0616837880353931
12,2013-11-29,600993.SH,0.05089836624641342
13,2013-11-29,600335.SH,0.06860716471442614
14,2013-11-29,000712.SZ,0.07995891458733644
0,2013-12-31,600468.SH,0.05408466857090984
1,2013-12-31,600073.SH,0.08153677673746015
2,2013-12-31,600171.SH,0.06835405702607375
3,2013-12-31,600088.SH,0.05650140220581206
4,2013-12-31,600469.SH,0.030013663246311672
5,2013-12-31,002325.SZ,0.06619048407983315
6,2013-12-31,000848.SZ,0.09558208474987555
7,2013-12-31,000587.SZ,0.06719202109453017
8,2013-12-31,000712.SZ,0.09524260659810449
9,2013-12-31,002194.SZ,0.044269336719946886
10,2013-12-31,002400.SZ,0.1251841827844378
11,2013-12-31,002225.SZ,0.03798698159807501
12,2013-12-31,002444.SZ,0.07273454285726018
13,2013-12-31,000777.SZ,0.032149621840437397
14,2013-12-31,600180.SH,0.07297756989093186
0,2014-01-30,002262.SZ,0.11758341444062591
1,2014-01-30,000511.SZ,0.05802978725055828
2,2014-01-30,000566.SZ,0.07185597754458802
3,2014-01-30,000987.SZ,0.04179585860348607
4,2014-01-30,600469.SH,0.035630560035700254
5,2014-01-30,600438.SH,0.08862958792470967
6,2014-01-30,000518.SZ,0.03960454357657949
7,2014-01-30,600983.SH,0.09266266548235486
8,2014-01-30,000777.SZ,0.0427479630302412
9,2014-01-30,000603.SZ,0.071067484209035
10,2014-01-30,600790.SH,0.05750589303348605
11,2014-01-30,000517.SZ,0.05878100152530968
12,2014-01-30,002225.SZ,0.047259611826610905
13,2014-01-30,600826.SH,0.06807002829355631
14,2014-01-30,002508.SZ,0.10877562322315845
0,2014-02-28,600511.SH,0.11183170094006473
1,2014-02-28,002262.SZ,0.07797802286568732
2,2014-02-28,002368.SZ,0.08762837451400403
3,2014-02-28,600438.SH,0.06877712193261044
4,2014-02-28,000608.SZ,0.029049098783755566
5,2014-02-28,002400.SZ,0.12159054121060583
6,2014-02-28,002285.SZ,0.056961213290828754
7,2014-02-28,002572.SZ,0.060399622766551725
8,2014-02-28,000506.SZ,0.03234441959113834
9,2014-02-28,000719.SZ,0.04611495164203511
10,2014-02-28,002325.SZ,0.04922475354853996
11,2014-02-28,002635.SZ,0.05121572494816994
12,2014-02-28,600469.SH,0.024304668248384488
13,2014-02-28,002508.SZ,0.07091519722212528
14,2014-02-28,000028.SZ,0.11166458849549848
0,2014-03-31,600438.SH,0.06442895641342151
1,2014-03-31,600410.SH,0.04547868455122959
2,2014-03-31,600511.SH,0.0873703091764302
3,2014-03-31,600468.SH,0.04171720175943828
4,2014-03-31,600387.SH,0.059960927426135784
5,2014-03-31,600885.SH,0.10113237313537071
6,2014-03-31,002400.SZ,0.10461106494190577
7,2014-03-31,000603.SZ,0.04908121004421569
8,2014-03-31,002368.SZ,0.07096799405487494
9,2014-03-31,002262.SZ,0.06410259971478205
10,2014-03-31,600993.SH,0.04230064628617203
11,2014-03-31,002419.SZ,0.06519534019941997
12,2014-03-31,600729.SH,0.06753324056990519
13,2014-03-31,600312.SH,0.08022200768002251
14,2014-03-31,000852.SZ,0.05589744404667586
0,2014-04-30,000636.SZ,0.04650630471046234
1,2014-04-30,000511.SZ,0.07413272445942375
2,2014-04-30,600171.SH,0.07671892220787008
3,2014-04-30,601616.SH,0.03972296693614739
4,2014-04-30,002325.SZ,0.06947246713785406
5,2014-04-30,600438.SH,0.07428424081581304
6,2014-04-30,002194.SZ,0.055381314328911364
7,2014-04-30,600507.SH,0.04637875795558583
8,2014-04-30,000655.SZ,0.040424850326341674
9,2014-04-30,600387.SH,0.06334973871121818
10,2014-04-30,002317.SZ,0.06887267484799049
11,2014-04-30,600511.SH,0.09559110461254505
12,2014-04-30,002262.SZ,0.07632922048809904
13,2014-04-30,000603.SZ,0.05122005545861397
14,2014-04-30,002219.SZ,0.12161465700312374
0,2014-05-30,002574.SZ,0.0725793844621489
1,2014-05-30,600387.SH,0.06767463296818617
2,2014-05-30,000823.SZ,0.07437703326167544
3,2014-05-30,002444.SZ,0.1074450482772806
4,2014-05-30,600589.SH,0.03650450680333601
5,2014-05-30,002285.SZ,0.07446315802172289
6,2014-05-30,000935.SZ,0.03801036012756772
7,2014-05-30,600790.SH,0.05796601408789446
8,2014-05-30,000688.SZ,0.0633886681541941
9,2014-05-30,002254.SZ,0.04993278480184863
10,2014-05-30,600580.SH,0.08561522613905007
11,2014-05-30,600829.SH,0.04239508787839361
12,2014-05-30,000603.SZ,0.05920568702032218
13,2014-05-30,002498.SZ,0.07825698501009154
14,2014-05-30,002262.SZ,0.09218542298628774
0,2014-06-30,600723.SH,0.07191427748573484
1,2014-06-30,000987.SZ,0.05277498021069616
2,2014-06-30,002419.SZ,0.11975207926689238
3,2014-06-30,002276.SZ,0.09033333081400173
4,2014-06-30,600491.SH,0.04716474966796121
5,2014-06-30,000417.SZ,0.06093477245067558
6,2014-06-30,601616.SH,0.04872131305514146
7,2014-06-30,002277.SZ,0.07716130537732556
8,2014-06-30,600337.SH,0.053312137141222314
9,2014-06-30,600006.SH,0.08455951055600577
10,2014-06-30,600468.SH,0.0642434100921759
11,2014-06-30,600479.SH,0.049362198381023764
12,2014-06-30,600510.SH,0.057076402288515356
13,2014-06-30,600449.SH,0.048273970158148355
14,2014-06-30,000078.SZ,0.07441556305447962
0,2014-07-31,000987.SZ,0.04555596278305449
1,2014-07-31,600723.SH,0.053922812548409575
2,2014-07-31,000418.SZ,0.07904292223005054
3,2014-07-31,600491.SH,0.03890072375819073
4,2014-07-31,002479.SZ,0.06786185801761843
5,2014-07-31,600438.SH,0.09543258470218459
6,2014-07-31,000759.SZ,0.06262130595890168
7,2014-07-31,002498.SZ,0.08847166111491866
8,2014-07-31,000501.SZ,0.06899711361078967
9,2014-07-31,002482.SZ,0.0745106279419984
10,2014-07-31,002419.SZ,0.08851961068060084
11,2014-07-31,600449.SH,0.04012983588337794
12,2014-07-31,002238.SZ,0.04348763492918356
13,2014-07-31,002277.SZ,0.05913784256192918
14,2014-07-31,002032.SZ,0.0934075032787917
0,2014-08-29,000987.SZ,0.04121500682444366
1,2014-08-29,600491.SH,0.038499290150835565
2,2014-08-29,600723.SH,0.04926385301565227
3,2014-08-29,002325.SZ,0.07607887946609415
4,2014-08-29,600438.SH,0.0919495286891721
5,2014-08-29,000417.SZ,0.051439056034600306
6,2014-08-29,002032.SZ,0.09658548009461336
7,2014-08-29,002091.SZ,0.05705850994873846
8,2014-08-29,002276.SZ,0.07666448491902955
9,2014-08-29,002574.SZ,0.0565748852622524
10,2014-08-29,600983.SH,0.07126688924876796
11,2014-08-29,000078.SZ,0.0593979035930706
12,2014-08-29,000650.SZ,0.050908786814691014
13,2014-08-29,600729.SH,0.08214651755631518
14,2014-08-29,600329.SH,0.1009509283817233
0,2014-09-30,600438.SH,0.0982414203549865
1,2014-09-30,600723.SH,0.0548180029858057
2,2014-09-30,000418.SZ,0.0791647788409708
3,2014-09-30,000935.SZ,0.04284946141060238
4,2014-09-30,002091.SZ,0.058221084508839116
5,2014-09-30,002225.SZ,0.06183035430023004
6,2014-09-30,002419.SZ,0.09352825054045802
7,2014-09-30,000587.SZ,0.0679996059678017
8,2014-09-30,002221.SZ,0.08286641537103138
9,2014-09-30,000501.SZ,0.06667201756495213
10,2014-09-30,601678.SH,0.057324561911600756
11,2014-09-30,000759.SZ,0.05592387500525136
12,2014-09-30,600195.SH,0.0622018607468911
13,2014-09-30,002663.SZ,0.07217509585950271
14,2014-09-30,601388.SH,0.046183214631076226
0,2014-10-31,601616.SH,0.06767608068019801
1,2014-10-31,002083.SZ,0.06379983474612969
2,2014-10-31,002305.SZ,0.08494408100560072
3,2014-10-31,600449.SH,0.057951698789183714
4,2014-10-31,600510.SH,0.07267958960849005
5,2014-10-31,600467.SH,0.05658581714096684
6,2014-10-31,000935.SZ,0.05242887591508479
7,2014-10-31,601566.SH,0.09195380853962856
8,2014-10-31,603001.SH,0.07841041797319728
9,2014-10-31,600439.SH,0.05081569750765064
10,2014-10-31,601388.SH,0.055666343164017563
11,2014-10-31,000680.SZ,0.0584649712605333
12,2014-10-31,601678.SH,0.06816979783017904
13,2014-10-31,600780.SH,0.07200023141779742
14,2014-10-31,600298.SH,0.0684527544213423
0,2014-11-28,002083.SZ,0.05247926029778705
1,2014-11-28,002392.SZ,0.07625885419348971
2,2014-11-28,002225.SZ,0.06344137420834106
3,2014-11-28,601616.SH,0.05021095307761087
4,2014-11-28,600337.SH,0.06501472183727844
5,2014-11-28,002204.SZ,0.11643565146998941
6,2014-11-28,601126.SH,0.07520743540077267
7,2014-11-28,600491.SH,0.04126687202706511
8,2014-11-28,601965.SH,0.08191060596298634
9,2014-11-28,600059.SH,0.06874035946083808
10,2014-11-28,600183.SH,0.09779034152371939
11,2014-11-28,600456.SH,0.0749126742949163
12,2014-11-28,002254.SZ,0.05236838209012894
13,2014-11-28,000935.SZ,0.04094760752634768
14,2014-11-28,600467.SH,0.043014906628728866
0,2014-12-31,002083.SZ,0.055577702198647966
1,2014-12-31,601208.SH,0.05953726736975741
2,2014-12-31,600456.SH,0.08300074178530564
3,2014-12-31,002574.SZ,0.05947676696447788
4,2014-12-31,002194.SZ,0.06475002291504996
5,2014-12-31,000090.SZ,0.082238936890135
6,2014-12-31,600298.SH,0.06562813742973143
7,2014-12-31,002612.SZ,0.04947006347726604
8,2014-12-31,601566.SH,0.0796814929953755
9,2014-12-31,002254.SZ,0.06248360960973732
10,2014-12-31,601011.SH,0.041102727922593674
11,2014-12-31,601126.SH,0.07515295462430555
12,2014-12-31,000525.SZ,0.08499041523098448
13,2014-12-31,002225.SZ,0.0619223231108618
14,2014-12-31,002293.SZ,0.07498683747577037
0,2015-01-30,002225.SZ,0.07130098052521912
1,2015-01-30,600467.SH,0.052279171037195836
2,2015-01-30,002342.SZ,0.06137622252059016
3,2015-01-30,002194.SZ,0.06561813508493958
4,2015-01-30,600439.SH,0.04719293071738029
5,2015-01-30,000900.SZ,0.06544040850785646
6,2015-01-30,601777.SH,0.09363599350360706
7,2015-01-30,600059.SH,0.07081692587719801
8,2015-01-30,600851.SH,0.10387016666460687
9,2015-01-30,600488.SH,0.05524252324612446
10,2015-01-30,002083.SZ,0.04650329145504638
11,2015-01-30,000877.SZ,0.076344713638927
12,2015-01-30,601965.SH,0.08128350680207216
13,2015-01-30,600736.SH,0.05726152973545595
14,2015-01-30,600586.SH,0.05183350068378074
0,2015-02-27,600006.SH,0.12637737855808262
1,2015-02-27,000667.SZ,0.07027428652641869
2,2015-02-27,600162.SH,0.04686398267077496
3,2015-02-27,600743.SH,0.067652591957544
4,2015-02-27,600260.SH,0.05203856545137907
5,2015-02-27,600064.SH,0.0804644832256096
6,2015-02-27,002083.SZ,0.04426746717313755
7,2015-02-27,600790.SH,0.06216839350738594
8,2015-02-27,000631.SZ,0.05915155251817699
9,2015-02-27,000926.SZ,0.06390561715040487
10,2015-02-27,600239.SH,0.04826995583110126
11,2015-02-27,600337.SH,0.06461276397782963
12,2015-02-27,002244.SZ,0.08898513639151226
13,2015-02-27,600059.SH,0.05917569728003002
14,2015-02-27,000090.SZ,0.06579212778061255
0,2015-03-31,000900.SZ,0.06388778855122632
1,2015-03-31,600284.SH,0.07118826346611784
2,2015-03-31,000886.SZ,0.03982593628523921
3,2015-03-31,600260.SH,0.04711036331492647
4,2015-03-31,600325.SH,0.08097880322883669
5,2015-03-31,600467.SH,0.03713812750162248
6,2015-03-31,603366.SH,0.06009449183381281
7,2015-03-31,000620.SZ,0.094908580555633
8,2015-03-31,002244.SZ,0.11082140643892059
9,2015-03-31,000926.SZ,0.05266600597601854
10,2015-03-31,601258.SH,0.16114553118726704
11,2015-03-31,000973.SZ,0.04654400657339936
12,2015-03-31,601101.SH,0.06089282296472017
13,2015-03-31,601388.SH,0.0324485050821648
14,2015-03-31,000780.SZ,0.040349367040094654
0,2015-04-30,000926.SZ,0.06800540447482455
1,2015-04-30,600325.SH,0.08786429726360594
2,2015-04-30,000886.SZ,0.045118023003973814
3,2015-04-30,000572.SZ,0.08387376002457735
4,2015-04-30,002574.SZ,0.04828010014132544
5,2015-04-30,002244.SZ,0.12797998711373296
6,2015-04-30,000809.SZ,0.04540475898198781
7,2015-04-30,601566.SH,0.07046004132755632
8,2015-04-30,000422.SZ,0.047687152299272464
9,2015-04-30,603366.SH,0.0575988046800601
10,2015-04-30,600657.SH,0.08502175185074654
11,2015-04-30,000900.SZ,0.05941619042115924
12,2015-04-30,002238.SZ,0.05752789835335492
13,2015-04-30,000780.SZ,0.04870741336929402
14,2015-04-30,600284.SH,0.06705441669452873
0,2015-05-29,000926.SZ,0.06057205035624251
1,2015-05-29,600325.SH,0.06704313494779288
2,2015-05-29,000780.SZ,0.04329060537118749
3,2015-05-29,000809.SZ,0.040532632031937466
4,2015-05-29,600284.SH,0.06088571464258993
5,2015-05-29,600743.SH,0.06681060103703029
6,2015-05-29,600162.SH,0.03951072844614033
7,2015-05-29,600239.SH,0.0453752935928838
8,2015-05-29,000877.SZ,0.050754027072241664
9,2015-05-29,000886.SZ,0.037639280705936896
10,2015-05-29,600823.SH,0.11574804695775553
11,2015-05-29,000961.SZ,0.12461480766075118
12,2015-05-29,000631.SZ,0.057522904230522004
13,2015-05-29,000951.SZ,0.04270632883761927
14,2015-05-29,600266.SH,0.1469938441093688
0,2015-06-30,000926.SZ,0.06263992959173358
1,2015-06-30,600748.SH,0.09546998759642401
2,2015-06-30,600064.SH,0.08284265445432785
3,2015-06-30,603369.SH,0.09900571033259568
4,2015-06-30,600284.SH,0.05891365170239962
5,2015-06-30,000631.SZ,0.05871528012743144
6,2015-06-30,600199.SH,0.03837212494124252
7,2015-06-30,000735.SZ,0.03958415704754649
8,2015-06-30,600649.SH,0.13333336188745765
9,2015-06-30,000780.SZ,0.045076391813742914
10,2015-06-30,000090.SZ,0.0633208439631159
11,2015-06-30,002011.SZ,0.057310035959865266
12,2015-06-30,600657.SH,0.05880815556075568
13,2015-06-30,000422.SZ,0.03880147809904305
14,2015-06-30,000616.SZ,0.06780623692231848
0,2015-07-31,000926.SZ,0.06794843409304134
1,2015-07-31,600748.SH,0.09978452578927048
2,2015-07-31,000780.SZ,0.0474216764063269
3,2015-07-31,600325.SH,0.08801722234700825
4,2015-07-31,600284.SH,0.06574545421124793
5,2015-07-31,600657.SH,0.0736074344078663
6,2015-07-31,600971.SH,0.04453659885404341
7,2015-07-31,603366.SH,0.05781577877159527
8,2015-07-31,600736.SH,0.06885239386094533
9,2015-07-31,000422.SZ,0.04666755158161273
10,2015-07-31,600510.SH,0.05657919257506039
11,2015-07-31,600397.SH,0.04071276098342405
12,2015-07-31,600743.SH,0.07210605966640496
13,2015-07-31,002646.SZ,0.07034398232207108
14,2015-07-31,603369.SH,0.09986093413008162
0,2015-08-31,600790.SH,0.07495637082311492
1,2015-08-31,002011.SZ,0.07428798974685838
2,2015-08-31,600199.SH,0.04053400349494638
3,2015-08-31,000612.SZ,0.06253390532587974
4,2015-08-31,000962.SZ,0.036284043654750624
5,2015-08-31,600702.SH,0.04087270796867573
6,2015-08-31,000422.SZ,0.05097595937785488
7,2015-08-31,000926.SZ,0.056409283010656903
8,2015-08-31,000933.SZ,0.0696950561985022
9,2015-08-31,600284.SH,0.06819029610687935
10,2015-08-31,600657.SH,0.07422225891299955
11,2015-08-31,000090.SZ,0.06297576640597166
12,2015-08-31,000937.SZ,0.1402877396950996
13,2015-08-31,600325.SH,0.0746589474640918
14,2015-08-31,600859.SH,0.07311567181371834
0,2015-09-30,600790.SH,0.05851840458786896
1,2015-09-30,000616.SZ,0.07254437399835739
2,2015-09-30,000877.SZ,0.04743955865612745
3,2015-09-30,600702.SH,0.0329070029050644
4,2015-09-30,603369.SH,0.09388983759826468
5,2015-09-30,600059.SH,0.05063373335744738
6,2015-09-30,000983.SZ,0.12021909425594166
7,2015-09-30,601666.SH,0.07299134600273985
8,2015-09-30,600064.SH,0.08575109989011494
9,2015-09-30,600132.SH,0.044196647404628135
10,2015-09-30,000422.SZ,0.03885621725263725
11,2015-09-30,000612.SZ,0.045615127144570396
12,2015-09-30,000937.SZ,0.11919380363341918
13,2015-09-30,600859.SH,0.06765663468042311
14,2015-09-30,000926.SZ,0.04958711863239515
0,2015-10-30,000983.SZ,0.12624457890785412
1,2015-10-30,000926.SZ,0.06210256719291581
2,2015-10-30,600284.SH,0.06356889648414757
3,2015-10-30,600971.SH,0.040810527250584816
4,2015-10-30,603369.SH,0.09458889035570452
5,2015-10-30,600657.SH,0.06266836163904066
6,2015-10-30,600199.SH,0.03196797864935172
7,2015-10-30,600141.SH,0.042780642010871006
8,2015-10-30,000937.SZ,0.11255076130377611
9,2015-10-30,601101.SH,0.05087032460867755
10,2015-10-30,600702.SH,0.031963382000787306
11,2015-10-30,000552.SZ,0.0592742626995385
12,2015-10-30,002574.SZ,0.047008315479640746
13,2015-10-30,600859.SH,0.06545574049305973
14,2015-10-30,601699.SH,0.10814477092404975
0,2015-11-30,600971.SH,0.042380652207012426
1,2015-11-30,600859.SH,0.0758422355296636
2,2015-11-30,000422.SZ,0.04467354707603651
3,2015-11-30,600284.SH,0.061351914662028884
4,2015-11-30,000983.SZ,0.12719704511424273
5,2015-11-30,600657.SH,0.06822143764977638
6,2015-11-30,600348.SH,0.10661787640295625
7,2015-11-30,600199.SH,0.03344528968108772
8,2015-11-30,000860.SZ,0.06557902603047806
9,2015-11-30,000900.SZ,0.052981732286204175
10,2015-11-30,600809.SH,0.09351890263639798
11,2015-11-30,000612.SZ,0.0518226631471158
12,2015-11-30,600141.SH,0.043758930415027965
13,2015-11-30,600801.SH,0.07214239630237818
14,2015-11-30,000501.SZ,0.060466350859593294
0,2015-12-31,600284.SH,0.06177825080998812
1,2015-12-31,000616.SZ,0.06999838216878007
2,2015-12-31,000937.SZ,0.10860728224313636
3,2015-12-31,600657.SH,0.0622079978370336
4,2015-12-31,600348.SH,0.0912035433942383
5,2015-12-31,000667.SZ,0.07155393097033155
6,2015-12-31,000900.SZ,0.047567200838798854
7,2015-12-31,600801.SH,0.06825324078651755
8,2015-12-31,600971.SH,0.03487955087358392
9,2015-12-31,000877.SZ,0.03873009694970976
10,2015-12-31,000528.SZ,0.05069078615019369
11,2015-12-31,000983.SZ,0.10194801206227763
12,2015-12-31,600790.SH,0.0451578265869973
13,2015-12-31,603369.SH,0.08914597365387454
14,2015-12-31,601666.SH,0.05827792467453862
0,2016-01-29,000616.SZ,0.06347393897121918
1,2016-01-29,600657.SH,0.061569014339000146
2,2016-01-29,000572.SZ,0.05784588958362964
3,2016-01-29,600064.SH,0.07968935720249402
4,2016-01-29,000926.SZ,0.07929513586977681
5,2016-01-29,600859.SH,0.06608744969905435
6,2016-01-29,600790.SH,0.03973576420214417
7,2016-01-29,600284.SH,0.0528883059998145
8,2016-01-29,600823.SH,0.12620367973947888
9,2016-01-29,600141.SH,0.03841809701684699
10,2016-01-29,600510.SH,0.052738313491182146
11,2016-01-29,600059.SH,0.04550333298071655
12,2016-01-29,600717.SH,0.09643672067217837
13,2016-01-29,600811.SH,0.06913702582555414
14,2016-01-29,000861.SZ,0.07097797440691028
0,2016-02-29,600657.SH,0.06526521911688227
1,2016-02-29,600059.SH,0.05572355307508944
2,2016-02-29,000900.SZ,0.05324352704624268
3,2016-02-29,600067.SH,0.07456956143621266
4,2016-02-29,000652.SZ,0.05297229997259797
5,2016-02-29,600064.SH,0.07771156502396713
6,2016-02-29,600809.SH,0.09697840593665923
7,2016-02-29,002011.SZ,0.07296300690595678
8,2016-02-29,000631.SZ,0.06750459532884277
9,2016-02-29,600260.SH,0.04318047098869116
10,2016-02-29,600859.SH,0.06311737219435898
11,2016-02-29,000088.SZ,0.08083433699853733
12,2016-02-29,600717.SH,0.09996191581431803
13,2016-02-29,000616.SZ,0.04752074153172334
14,2016-02-29,600284.SH,0.04845342862992038
0,2016-03-31,000979.SZ,0.09432160625344334
1,2016-03-31,600067.SH,0.05808200473758252
2,2016-03-31,000667.SZ,0.05964937429544201
3,2016-03-31,600657.SH,0.04833904211066632
4,2016-03-31,000973.SZ,0.048869330295831535
5,2016-03-31,600743.SH,0.05349200278885376
6,2016-03-31,600859.SH,0.05504931844050459
7,2016-03-31,000528.SZ,0.0419495335471533
8,2016-03-31,600329.SH,0.0707545310108147
9,2016-03-31,000919.SZ,0.03390006262221846
10,2016-03-31,600970.SH,0.0646046165335483
11,2016-03-31,600169.SH,0.05595669173667309
12,2016-03-31,000402.SZ,0.1436171588247963
13,2016-03-31,600315.SH,0.10663784321384752
14,2016-03-31,002203.SZ,0.06477688358862436
0,2016-04-29,600284.SH,0.050778510667946725
1,2016-04-29,600859.SH,0.0624509698501477
2,2016-04-29,000667.SZ,0.06149852857923499
3,2016-04-29,600315.SH,0.1172272245138197
4,2016-04-29,000926.SZ,0.0658466652259077
5,2016-04-29,600823.SH,0.11588338951624559
6,2016-04-29,600657.SH,0.050620443243961644
7,2016-04-29,000931.SZ,0.03337522914958525
8,2016-04-29,000402.SZ,0.15481305951336544
9,2016-04-29,000088.SZ,0.07333351509361692
10,2016-04-29,000572.SZ,0.04669906924096446
11,2016-04-29,000616.SZ,0.04127684303642448
12,2016-04-29,600743.SH,0.05247120072511964
13,2016-04-29,600059.SH,0.04037634992817918
14,2016-04-29,002277.SZ,0.0333490017154804
0,2016-05-31,002419.SZ,0.08248672225485326
1,2016-05-31,600729.SH,0.06772968321503689
2,2016-05-31,600859.SH,0.07031728578712244
3,2016-05-31,600418.SH,0.10254262690780344
4,2016-05-31,600657.SH,0.04760379961399811
5,2016-05-31,002317.SZ,0.0494756378196228
6,2016-05-31,600315.SH,0.11470347839484857
7,2016-05-31,600086.SH,0.07122853061697416
8,2016-05-31,000650.SZ,0.05504586060606591
9,2016-05-31,000667.SZ,0.05466404962977536
10,2016-05-31,000501.SZ,0.05508820041754203
11,2016-05-31,600694.SH,0.06699660055525987
12,2016-05-31,000417.SZ,0.034840651031241524
13,2016-05-31,600826.SH,0.06334434969420892
14,2016-05-31,002267.SZ,0.06393252345564675
0,2016-06-30,600657.SH,0.05797280251133582
1,2016-06-30,600859.SH,0.06156521301044901
2,2016-06-30,600757.SH,0.0655740185940985
3,2016-06-30,600970.SH,0.07077814172642805
4,2016-06-30,600826.SH,0.06982808634023932
5,2016-06-30,600004.SH,0.08854278639666849
6,2016-06-30,600064.SH,0.07245284876332785
7,2016-06-30,000501.SZ,0.05817458173803303
8,2016-06-30,600694.SH,0.07084999811571673
9,2016-06-30,600894.SH,0.0658307951210064
10,2016-06-30,000919.SZ,0.037826554300215795
11,2016-06-30,600835.SH,0.10890141359656388
12,2016-06-30,000900.SZ,0.0368515462708345
13,2016-06-30,600823.SH,0.09823573799230671
14,2016-06-30,000652.SZ,0.036615475522775984
0,2016-07-29,600657.SH,0.055484080307626416
1,2016-07-29,600757.SH,0.07295826173523022
2,2016-07-29,600859.SH,0.05921368565855255
3,2016-07-29,002267.SZ,0.06791116440874762
4,2016-07-29,000652.SZ,0.03966360992591062
5,2016-07-29,600823.SH,0.10732809908439978
6,2016-07-29,600551.SH,0.05568565845216851
7,2016-07-29,002309.SZ,0.05875036564734619
8,2016-07-29,600418.SH,0.094747034533543
9,2016-07-29,600970.SH,0.06390515525115022
10,2016-07-29,002727.SZ,0.06840093093745703
11,2016-07-29,603001.SH,0.04339866690443924
12,2016-07-29,600894.SH,0.06706337176351536
13,2016-07-29,603328.SH,0.07070547549880433
14,2016-07-29,601908.SH,0.07478443989110892
0,2016-08-31,600894.SH,0.08095820799801298
1,2016-08-31,600859.SH,0.06058396848730841
2,2016-08-31,600260.SH,0.058411363558932256
3,2016-08-31,600329.SH,0.07631009752100401
4,2016-08-31,600458.SH,0.07643293954365625
5,2016-08-31,600970.SH,0.06789620504927357
6,2016-08-31,603001.SH,0.04631459991803696
7,2016-08-31,000488.SZ,0.09382494037388286
8,2016-08-31,000900.SZ,0.040848707944664234
9,2016-08-31,000572.SZ,0.04427766621674752
10,2016-08-31,600004.SH,0.07953582113720739
11,2016-08-31,000587.SZ,0.08308209298953635
12,2016-08-31,600039.SH,0.060494196419201444
13,2016-08-31,600537.SH,0.049975687688889346
14,2016-08-31,600270.SH,0.08105350515364648
0,2016-09-30,600894.SH,0.08525685404870226
1,2016-09-30,600004.SH,0.10516517731136044
2,2016-09-30,600720.SH,0.035506179201321854
3,2016-09-30,600970.SH,0.0756887528291806
4,2016-09-30,600757.SH,0.06409707805709729
5,2016-09-30,600260.SH,0.058840994096679915
6,2016-09-30,600537.SH,0.05389587128805827
7,2016-09-30,600790.SH,0.0400289203656432
8,2016-09-30,600694.SH,0.07211194170299777
9,2016-09-30,600284.SH,0.04518562650447883
10,2016-09-30,000501.SZ,0.06559201820846695
11,2016-09-30,603766.SH,0.09707041894666213
12,2016-09-30,600617.SH,0.07016859678779117
13,2016-09-30,600422.SH,0.06216038177479102
14,2016-09-30,600458.SH,0.06923118887676834
0,2016-10-31,000572.SZ,0.06331033851778124
1,2016-10-31,000919.SZ,0.05375509336152947
2,2016-10-31,002029.SZ,0.05959788377686411
3,2016-10-31,600757.SH,0.0769757464059599
4,2016-10-31,603001.SH,0.06116083036393287
5,2016-10-31,002064.SZ,0.05565426371445047
6,2016-10-31,600805.SH,0.05099764225858821
7,2016-10-31,002011.SZ,0.06662914394192686
8,2016-10-31,600496.SH,0.04506946356407018
9,2016-10-31,002254.SZ,0.05726901376962442
10,2016-10-31,600894.SH,0.08205473127752069
11,2016-10-31,600458.SH,0.08602296881546358
12,2016-10-31,600073.SH,0.07374139590746978
13,2016-10-31,000969.SZ,0.08212877397067471
14,2016-10-31,600329.SH,0.08563271035414363
0,2016-11-30,000572.SZ,0.05903989184151877
1,2016-11-30,600827.SH,0.14296567511913016
2,2016-11-30,600729.SH,0.057080357594233876
3,2016-11-30,000919.SZ,0.04061635443966795
4,2016-11-30,002276.SZ,0.08908411312523087
5,2016-11-30,002011.SZ,0.05497380478967839
6,2016-11-30,600458.SH,0.06827264964943863
7,2016-11-30,600073.SH,0.058976987284629155
8,2016-11-30,600580.SH,0.0676612290464309
9,2016-11-30,000860.SZ,0.06226970108420037
10,2016-11-30,600409.SH,0.07742257319699805
11,2016-11-30,600757.SH,0.05634140450794586
12,2016-11-30,600805.SH,0.03894081216419617
13,2016-11-30,002056.SZ,0.06099191274528562
14,2016-11-30,600335.SH,0.06536253341141544
0,2016-12-30,600694.SH,0.08855216591227037
1,2016-12-30,600757.SH,0.06750501847909096
2,2016-12-30,000652.SZ,0.05305789928239411
3,2016-12-30,600755.SH,0.08757937059849044
4,2016-12-30,000501.SZ,0.07266825276975487
5,2016-12-30,600729.SH,0.05918258753816629
6,2016-12-30,002276.SZ,0.08671268585715979
7,2016-12-30,601010.SH,0.05942800993779688
8,2016-12-30,002005.SZ,0.0490653172761194
9,2016-12-30,600496.SH,0.039381673597957155
10,2016-12-30,600483.SH,0.10390719345721122
11,2016-12-30,000919.SZ,0.040779749823017346
12,2016-12-30,002011.SZ,0.051396290506651246
13,2016-12-30,000598.SZ,0.10122833685035093
14,2016-12-30,000417.SZ,0.039555448113569265
0,2017-01-26,601258.SH,0.011508405035112097
1,2017-01-26,600863.SH,0.01055628868536656
2,2017-01-26,600418.SH,0.012708627586161684
3,2017-01-26,600037.SH,0.011453916489458047
4,2017-01-26,601288.SH,0.541226698638107
5,2017-01-26,600017.SH,0.006335432645250901
6,2017-01-26,601000.SH,0.0094199252785571
7,2017-01-26,600039.SH,0.007430700305406423
8,2017-01-26,002029.SZ,0.0037456984479569116
9,2017-01-26,600808.SH,0.0119864006801002
10,2017-01-26,600755.SH,0.006802489933759042
11,2017-01-26,000726.SZ,0.00544310502681227
12,2017-01-26,000778.SZ,0.008778226221088821
13,2017-01-26,600717.SH,0.008079130938717686
14,2017-01-26,600028.SH,0.34452495408814526
0,2017-02-28,600028.SH,0.15534664438343757
1,2017-02-28,601258.SH,0.0040579632783543235
2,2017-02-28,600688.SH,0.014608265986732228
3,2017-02-28,600418.SH,0.004503515067264044
4,2017-02-28,601857.SH,0.28881238993687514
5,2017-02-28,000876.SZ,0.006453345979911519
6,2017-02-28,600108.SH,0.0020057826244536847
7,2017-02-28,601288.SH,0.1911514814922118
8,2017-02-28,601010.SH,0.0016628405851669024
9,2017-02-28,601006.SH,0.017851138063315494
10,2017-02-28,601668.SH,0.045341401779877555
11,2017-02-28,000667.SZ,0.0016416674874856606
12,2017-02-28,600221.SH,0.009725364630712193
13,2017-02-28,600170.SH,0.006118502300946175
14,2017-02-28,601939.SH,0.2507196964032558
0,2017-03-31,600028.SH,0.3037605541278084
1,2017-03-31,600688.SH,0.028796552603712573
2,2017-03-31,601857.SH,0.5767584836578589
3,2017-03-31,002477.SZ,0.005251486552648984
4,2017-03-31,600108.SH,0.0033447568923109373
5,2017-03-31,601258.SH,0.00615643298156767
6,2017-03-31,600805.SH,0.0022979530129682837
7,2017-03-31,600022.SH,0.007232476436868559
8,2017-03-31,601899.SH,0.023030151500170383
9,2017-03-31,000100.SZ,0.013486780986992535
10,2017-03-31,600418.SH,0.006879553773458096
11,2017-03-31,600757.SH,0.0030639965649763906
12,2017-03-31,002011.SZ,0.002493863516283282
13,2017-03-31,600808.SH,0.007519340420535321
14,2017-03-31,000876.SZ,0.00992761697183987
0,2017-04-28,600028.SH,0.3028937949440642
1,2017-04-28,601857.SH,0.5706085924946958
2,2017-04-28,000572.SZ,0.003427543361874125
3,2017-04-28,600688.SH,0.02802494870274625
4,2017-04-28,600694.SH,0.004344245519844947
5,2017-04-28,600022.SH,0.008609816416751634
6,2017-04-28,600808.SH,0.00934684217676999
7,2017-04-28,600805.SH,0.002486046208366218
8,2017-04-28,000726.SZ,0.004026674688747953
9,2017-04-28,600221.SH,0.01930149475113385
10,2017-04-28,601678.SH,0.0026717607825152744
11,2017-04-28,600023.SH,0.02509222488154891
12,2017-04-28,601928.SH,0.00838341068815657
13,2017-04-28,601233.SH,0.005703672593795183
14,2017-04-28,600252.SH,0.005078931788989047
0,2017-05-31,600023.SH,0.016039287748464453
1,2017-05-31,600026.SH,0.005088907618053527
2,2017-05-31,600115.SH,0.01972219968305811
3,2017-05-31,600808.SH,0.004990850292687128
4,2017-05-31,601857.SH,0.2842331845212988
5,2017-05-31,600688.SH,0.01422770273695258
6,2017-05-31,600307.SH,0.003263610366842413
7,2017-05-31,601939.SH,0.2983300986015959
8,2017-05-31,601390.SH,0.03805340120393095
9,2017-05-31,600018.SH,0.026842615774687363
10,2017-05-31,000761.SZ,0.002643745839360362
11,2017-05-31,600219.SH,0.005133717264622503
12,2017-05-31,601288.SH,0.1971907858259033
13,2017-05-31,601328.SH,0.07885061224932453
14,2017-05-31,600170.SH,0.005389280273218011
0,2017-06-30,601857.SH,0.45226794465924897
1,2017-06-30,600688.SH,0.019540375629009482
2,2017-06-30,600642.SH,0.0077517960089955925
3,2017-06-30,600026.SH,0.007136002100245725
4,2017-06-30,600023.SH,0.01961405005894668
5,2017-06-30,600863.SH,0.004461532255026678
6,2017-06-30,000572.SZ,0.002084890089061861
7,2017-06-30,601998.SH,0.07533173322353495
8,2017-06-30,600115.SH,0.02398357873031095
9,2017-06-30,600307.SH,0.004271986363206703
10,2017-06-30,601866.SH,0.010030948825881089
11,2017-06-30,601390.SH,0.047055247945651954
12,2017-06-30,601988.SH,0.2531950948945501
13,2017-06-30,601928.SH,0.005764129923182397
14,2017-06-30,600016.SH,0.0675106892931469
0,2017-07-31,600023.SH,0.013146080954219576
1,2017-07-31,601857.SH,0.25450852570014765
2,2017-07-31,600115.SH,0.01655984933623235
3,2017-07-31,600026.SH,0.004442375479964852
4,2017-07-31,601939.SH,0.2657131204687528
5,2017-07-31,601328.SH,0.0745012647082698
6,2017-07-31,600028.SH,0.11373799996942101
7,2017-07-31,000572.SZ,0.001225988146929822
8,2017-07-31,600029.SH,0.011698308672535917
9,2017-07-31,601818.SH,0.02873984259818676
10,2017-07-31,601288.SH,0.1753545508915719
11,2017-07-31,600170.SH,0.005025588025214013
12,2017-07-31,600583.SH,0.004048935124963075
13,2017-07-31,600863.SH,0.002697391818952922
14,2017-07-31,601390.SH,0.02860017810463766
0,2017-08-31,600170.SH,0.01689906235286723
1,2017-08-31,601857.SH,0.7257960587193422
2,2017-08-31,600023.SH,0.032962320956380964
3,2017-08-31,601618.SH,0.04558317599349859
4,2017-08-31,600863.SH,0.0076702182081636525
5,2017-08-31,000729.SZ,0.007517662112015433
6,2017-08-31,000667.SZ,0.0034030156608983475
7,2017-08-31,601390.SH,0.07878081255151079
8,2017-08-31,600376.SH,0.011267145527406383
9,2017-08-31,601018.SH,0.03060180314330455
10,2017-08-31,000598.SZ,0.006530298144346884
11,2017-08-31,600583.SH,0.010858332948750622
12,2017-08-31,601880.SH,0.014822271490200371
13,2017-08-31,601929.SH,0.004188480488200463
14,2017-08-31,000572.SZ,0.003119341703113654
0,2017-09-29,601857.SH,0.28390194050887696
1,2017-09-29,600170.SH,0.006322552734852838
2,2017-09-29,600015.SH,0.02157458868811467
3,2017-09-29,600688.SH,0.012337642558642612
4,2017-09-29,601939.SH,0.31523113016161436
5,2017-09-29,600026.SH,0.004615023274781165
6,2017-09-29,600863.SH,0.0032321910530992673
7,2017-09-29,600023.SH,0.012980517291194317
8,2017-09-29,601998.SH,0.05384114310871177
9,2017-09-29,601880.SH,0.006570738379719526
10,2017-09-29,600642.SH,0.004690415784295318
11,2017-09-29,600886.SH,0.008508157799167694
12,2017-09-29,000729.SZ,0.0030917463097852745
13,2017-09-29,600000.SH,0.06141273367981854
14,2017-09-29,601288.SH,0.20168947866732556
0,2017-10-31,600688.SH,0.01852627451728415
1,2017-10-31,600028.SH,0.19053351051529024
2,2017-10-31,601857.SH,0.38293856155037065
3,2017-10-31,601618.SH,0.025447599034510684
4,2017-10-31,600019.SH,0.0382379047738274
5,2017-10-31,601088.SH,0.09143448836970283
6,2017-10-31,600029.SH,0.01914193548947106
7,2017-10-31,601669.SH,0.025317503226250062
8,2017-10-31,600115.SH,0.020673943068685856
9,2017-10-31,601800.SH,0.050392797436111844
10,2017-10-31,601899.SH,0.017478482281133256
11,2017-10-31,600023.SH,0.014859801077661765
12,2017-10-31,600585.SH,0.026931890494899607
13,2017-10-31,002142.SZ,0.016355655763815254
14,2017-10-31,000333.SZ,0.06172965240098541
0,2017-11-30,600688.SH,0.011554903935241365
1,2017-11-30,600028.SH,0.12182646497609075
2,2017-11-30,601618.SH,0.015874605712765288
3,2017-11-30,601668.SH,0.04342767032701812
4,2017-11-30,600023.SH,0.010712176301946685
5,2017-11-30,601390.SH,0.028576027890077727
6,2017-11-30,601186.SH,0.022790389571407443
7,2017-11-30,601857.SH,0.21055967871833078
8,2017-11-30,600019.SH,0.028997082433686518
9,2017-11-30,601899.SH,0.012632933544478149
10,2017-11-30,600029.SH,0.015170787558018048
11,2017-11-30,601800.SH,0.0304105974541353
12,2017-11-30,601288.SH,0.16208741282438846
13,2017-11-30,601398.SH,0.2721132340346829
14,2017-11-30,601633.SH,0.013266034717732323
0,2017-12-29,600028.SH,0.1203591457147909
1,2017-12-29,600688.SH,0.010702211319890721
2,2017-12-29,601088.SH,0.06563732686138639
3,2017-12-29,601857.SH,0.20510631527249987
4,2017-12-29,601288.SH,0.16981852778670764
5,2017-12-29,600019.SH,0.02586422536598522
6,2017-12-29,600023.SH,0.009793491287392422
7,2017-12-29,601669.SH,0.014714152460855867
8,2017-12-29,601898.SH,0.009990025716636814
9,2017-12-29,601398.SH,0.2910216771276474
10,2017-12-29,600585.SH,0.020381401796138884
11,2017-12-29,601633.SH,0.013706386631680606
12,2017-12-29,002142.SZ,0.011511160001721267
13,2017-12-29,601985.SH,0.01450012912592
14,2017-12-29,601006.SH,0.01689382353074595
0,2018-01-31,600028.SH,0.11714095076186731
1,2018-01-31,601857.SH,0.2129426306636409
2,2018-01-31,600688.SH,0.008544923850897352
3,2018-01-31,601800.SH,0.02704667275315421
4,2018-01-31,601398.SH,0.3108658603191437
5,2018-01-31,600153.SH,0.004160824862051213
6,2018-01-31,601898.SH,0.009466777784966612
7,2018-01-31,601288.SH,0.16467361188805027
8,2018-01-31,600170.SH,0.003911570456171216
9,2018-01-31,601390.SH,0.021833086668288707
10,2018-01-31,601985.SH,0.013168026506369604
11,2018-01-31,600547.SH,0.006568416906268203
12,2018-01-31,600104.SH,0.04440293049145741
13,2018-01-31,000333.SZ,0.043102004446165895
14,2018-01-31,601669.SH,0.012171711641507382
0,2018-02-28,601800.SH,0.04292939470990518
1,2018-02-28,600028.SH,0.14816664184080577
2,2018-02-28,601669.SH,0.020974491413659164
3,2018-02-28,600688.SH,0.011303419660874333
4,2018-02-28,600104.SH,0.06915150599480521
5,2018-02-28,601857.SH,0.24935916464593974
6,2018-02-28,600153.SH,0.005901936185657979
7,2018-02-28,600023.SH,0.012658133194237926
8,2018-02-28,600018.SH,0.029244270976488716
9,2018-02-28,601288.SH,0.22007608487056046
10,2018-02-28,601668.SH,0.044518521255875014
11,2018-02-28,600000.SH,0.058781538643489804
12,2018-02-28,600900.SH,0.0579401946342486
13,2018-02-28,601985.SH,0.01774776277063709
14,2018-02-28,601018.SH,0.011246939202815087
0,2018-03-30,600688.SH,0.029944099921265455
1,2018-03-30,601800.SH,0.09125342745833002
2,2018-03-30,601018.SH,0.03048599413454887
3,2018-03-30,600018.SH,0.06582617727296756
4,2018-03-30,601390.SH,0.06692182481916549
5,2018-03-30,600518.SH,0.043323609582220465
6,2018-03-30,600023.SH,0.028960520176287103
7,2018-03-30,600028.SH,0.2925222672208001
8,2018-03-30,600886.SH,0.01779589103805856
9,2018-03-30,601727.SH,0.032203397356910746
10,2018-03-30,601669.SH,0.03773870157986552
11,2018-03-30,600115.SH,0.037593253120971726
12,2018-03-30,600104.SH,0.14218361979003052
13,2018-03-30,000338.SZ,0.023372960227138893
14,2018-03-30,600585.SH,0.059874256301439034
0,2018-04-27,600028.SH,0.21481112970556757
1,2018-04-27,600688.SH,0.01599798136117294
2,2018-04-27,600518.SH,0.02812949935684976
3,2018-04-27,601390.SH,0.04091255361149592
4,2018-04-27,601800.SH,0.05185339092821912
5,2018-04-27,601857.SH,0.3357462008224971
6,2018-04-27,601018.SH,0.015782211353465622
7,2018-04-27,601727.SH,0.018924757587840665
8,2018-04-27,601186.SH,0.030125426699646914
9,2018-04-27,600018.SH,0.03483836893491049
10,2018-04-27,601618.SH,0.016454917596905625
11,2018-04-27,601668.SH,0.05337578493620313
12,2018-04-27,601998.SH,0.06594983315477115
13,2018-04-27,601899.SH,0.01991223552098622
14,2018-04-27,601766.SH,0.05718570842946783
0,2018-05-31,601800.SH,0.07049496920183469
1,2018-05-31,600015.SH,0.03754875370987928
2,2018-05-31,601998.SH,0.10392410826664235
3,2018-05-31,601186.SH,0.04020765126518998
4,2018-05-31,601618.SH,0.024091984148250284
5,2018-05-31,600018.SH,0.047212672734031874
6,2018-05-31,600104.SH,0.12808952413601069
7,2018-05-31,600900.SH,0.11263673098216626
8,2018-05-31,601006.SH,0.037182773953688034
9,2018-05-31,600028.SH,0.2508582425809031
10,2018-05-31,601669.SH,0.025757193437758986
11,2018-05-31,600585.SH,0.05191046340412452
12,2018-05-31,600688.SH,0.01781828035694794
13,2018-05-31,600115.SH,0.02985522572076171
14,2018-05-31,600741.SH,0.022411426101810163
0,2018-06-29,600104.SH,0.11386509421533417
1,2018-06-29,600028.SH,0.1934006984692801
2,2018-06-29,601006.SH,0.029792443140074364
3,2018-06-29,600688.SH,0.014941919778990133
4,2018-06-29,601618.SH,0.016685863209917436
5,2018-06-29,601800.SH,0.04286987075999737
6,2018-06-29,600741.SH,0.016845376696608797
7,2018-06-29,601607.SH,0.015286049210909536
8,2018-06-29,600585.SH,0.039403745324344666
9,2018-06-29,600018.SH,0.030216129277920667
10,2018-06-29,600900.SH,0.07763129202284749
11,2018-06-29,601988.SH,0.2303636641035413
12,2018-06-29,601328.SH,0.09004423279447384
13,2018-06-29,601186.SH,0.024689724932016637
14,2018-06-29,601998.SH,0.06396389606374348
0,2018-07-31,601006.SH,0.04058394137759546
1,2018-07-31,600688.SH,0.017351426658694314
2,2018-07-31,600028.SH,0.24038900335428764
3,2018-07-31,600104.SH,0.10821517714324676
4,2018-07-31,600900.SH,0.10653667141907855
5,2018-07-31,601998.SH,0.0881995563826459
6,2018-07-31,600018.SH,0.03927485442040528
7,2018-07-31,600015.SH,0.027114609394646647
8,2018-07-31,601618.SH,0.019214872779913395
9,2018-07-31,601088.SH,0.09580411921974881
10,2018-07-31,600518.SH,0.02747465138945444
11,2018-07-31,000651.SZ,0.06844282925367046
12,2018-07-31,600019.SH,0.048524013521689176
13,2018-07-31,600585.SH,0.05117386782633488
14,2018-07-31,601669.SH,0.021700405858588335
0,2018-08-31,600028.SH,0.15030155186207145
1,2018-08-31,601006.SH,0.023129784113926025
2,2018-08-31,600518.SH,0.01845393675461493
3,2018-08-31,600886.SH,0.008877171635080403
4,2018-08-31,600000.SH,0.05315393003068487
5,2018-08-31,601669.SH,0.014381265309090214
6,2018-08-31,601898.SH,0.011555415712715447
7,2018-08-31,600688.SH,0.010354921423551697
8,2018-08-31,601899.SH,0.013319017870763944
9,2018-08-31,601939.SH,0.28802987029107946
10,2018-08-31,600741.SH,0.010776385972504191
11,2018-08-31,601398.SH,0.3178643889506218
12,2018-08-31,601088.SH,0.05966273118459777
13,2018-08-31,601225.SH,0.012098590816365174
14,2018-08-31,600362.SH,0.008041038072332607
0,2018-09-28,600688.SH,0.016894116770855165
1,2018-09-28,600028.SH,0.21300623190229726
2,2018-09-28,601390.SH,0.04207613353445978
3,2018-09-28,600023.SH,0.015885071453066592
4,2018-09-28,601618.SH,0.016797827517512923
5,2018-09-28,601238.SH,0.025490986571878902
6,2018-09-28,601668.SH,0.05158328043940689
7,2018-09-28,601898.SH,0.015665391657455806
8,2018-09-28,601669.SH,0.018293301492913066
9,2018-09-28,601727.SH,0.0169838758434381
10,2018-09-28,601899.SH,0.017920393674719523
11,2018-09-28,601398.SH,0.4481822874032403
12,2018-09-28,601018.SH,0.011648306245696958
13,2018-09-28,600518.SH,0.023297141406474146
14,2018-09-28,600000.SH,0.06627565408658447
0,2018-10-31,600000.SH,0.04970685992428898
1,2018-10-31,601898.SH,0.010611448557444777
2,2018-10-31,600023.SH,0.009611053948633114
3,2018-10-31,601169.SH,0.019143227524432625
4,2018-10-31,600688.SH,0.008427630103854354
5,2018-10-31,601288.SH,0.1962626281972273
6,2018-10-31,601988.SH,0.15713695274756842
7,2018-10-31,600018.SH,0.017907568524530307
8,2018-10-31,600015.SH,0.014646343254463791
9,2018-10-31,601398.SH,0.28588838505917624
10,2018-10-31,601006.SH,0.016965905059341126
11,2018-10-31,600028.SH,0.10750665589113105
12,2018-10-31,601238.SH,0.015405557840728973
13,2018-10-31,601328.SH,0.061664733744340075
14,2018-10-31,601818.SH,0.029115049622838833
0,2018-11-30,601669.SH,0.021408682443762147
1,2018-11-30,601898.SH,0.018798581098712068
2,2018-11-30,600028.SH,0.20358479008600266
3,2018-11-30,600886.SH,0.014070604682560241
4,2018-11-30,600018.SH,0.035777968324035216
5,2018-11-30,601998.SH,0.07593454680501129
6,2018-11-30,601618.SH,0.017363908920481248
7,2018-11-30,601607.SH,0.01540979264132665
8,2018-11-30,601006.SH,0.030619654467312882
9,2018-11-30,601857.SH,0.3720164403420356
10,2018-11-30,601169.SH,0.03346981604497138
11,2018-11-30,600000.SH,0.08376697007186129
12,2018-11-30,600015.SH,0.026464083220493474
13,2018-11-30,601238.SH,0.02817629354202742
14,2018-11-30,002142.SZ,0.02313786730940619
0,2018-12-28,601006.SH,0.08904080328834632
1,2018-12-28,601238.SH,0.07446204763771612
2,2018-12-28,601618.SH,0.0419152441368847
3,2018-12-28,600023.SH,0.04145723473207981
4,2018-12-28,601899.SH,0.04826039616846089
5,2018-12-28,600886.SH,0.0341101860789675
6,2018-12-28,601669.SH,0.045929385230814884
7,2018-12-28,601898.SH,0.036703990875836756
8,2018-12-28,600018.SH,0.07096742009309462
9,2018-12-28,601727.SH,0.04200015365688892
10,2018-12-28,601088.SH,0.204603213642742
11,2018-12-28,600362.SH,0.02559051138932846
12,2018-12-28,600741.SH,0.03251215761742651
13,2018-12-28,000709.SZ,0.01688929087134867
14,2018-12-28,600900.SH,0.19555796458006391
0,2019-01-31,601169.SH,0.052684720133107404
1,2019-01-31,600688.SH,0.022870918510832953
2,2019-01-31,600028.SH,0.2773171391186053
3,2019-01-31,601006.SH,0.050696052725967375
4,2019-01-31,600585.SH,0.06745355254879332
5,2019-01-31,601669.SH,0.029899908538305396
6,2019-01-31,601618.SH,0.02316303156197552
7,2019-01-31,601238.SH,0.04029844074755185
8,2019-01-31,601328.SH,0.17060535397544285
9,2019-01-31,600808.SH,0.010215728806999658
10,2019-01-31,600019.SH,0.056969523956374564
11,2019-01-31,600346.SH,0.023427044179295486
12,2019-01-31,600900.SH,0.13069585748867654
13,2019-01-31,601898.SH,0.021938498370404763
14,2019-01-31,600023.SH,0.021764229337667133
0,2019-02-28,600585.SH,0.058008986254778176
1,2019-02-28,600028.SH,0.21180166031999736
2,2019-02-28,601006.SH,0.03718394943391077
3,2019-02-28,000338.SZ,0.020534354472220965
4,2019-02-28,600900.SH,0.09704177061837352
5,2019-02-28,000651.SZ,0.07243188769889441
6,2019-02-28,600019.SH,0.04343873788265004
7,2019-02-28,601225.SH,0.02318746649159901
8,2019-02-28,601238.SH,0.031088534705622926
9,2019-02-28,601899.SH,0.020828886159467278
10,2019-02-28,601800.SH,0.05020323771540184
11,2019-02-28,601633.SH,0.01776851074952209
12,2019-02-28,601988.SH,0.2787349760741672
13,2019-02-28,601669.SH,0.021089261164836264
14,2019-02-28,601898.SH,0.016657780258558092
0,2019-03-29,600585.SH,0.05768904092028784
1,2019-03-29,601857.SH,0.3922214130560645
2,2019-03-29,601800.SH,0.05373199122873932
3,2019-03-29,601899.SH,0.021321195645175615
4,2019-03-29,600019.SH,0.04246538752841254
5,2019-03-29,601169.SH,0.034343259082347595
6,2019-03-29,601898.SH,0.01768418473741889
7,2019-03-29,600010.SH,0.021701957557440633
8,2019-03-29,601006.SH,0.03200195555323117
9,2019-03-29,601238.SH,0.030797997863923336
10,2019-03-29,600688.SH,0.014427519609457757
11,2019-03-29,600028.SH,0.17192671548202343
12,2019-03-29,600000.SH,0.08121804644666338
13,2019-03-29,601669.SH,0.021282480326097784
14,2019-03-29,600808.SH,0.007186854962716155
0,2019-04-30,600585.SH,0.05165955770596319
1,2019-04-30,601898.SH,0.015624455827231829
2,2019-04-30,600019.SH,0.03612999723453483
3,2019-04-30,601088.SH,0.08802145217364941
4,2019-04-30,600010.SH,0.01672398854444013
5,2019-04-30,000709.SZ,0.0073003021843565715
6,2019-04-30,600023.SH,0.013814114986468038
7,2019-04-30,600688.SH,0.011845021840418364
8,2019-04-30,601991.SH,0.013104540380478327
9,2019-04-30,601988.SH,0.24253232785013698
10,2019-04-30,601857.SH,0.2869869725457078
11,2019-04-30,601390.SH,0.033548752015102025
12,2019-04-30,600028.SH,0.1421285267449679
13,2019-04-30,601899.SH,0.015552670650412248
14,2019-04-30,600015.SH,0.02502731931613224
0,2019-05-31,601225.SH,0.01436332110784678
1,2019-05-31,601898.SH,0.010315826214822731
2,2019-05-31,600585.SH,0.03412826109345987
3,2019-05-31,601857.SH,0.2124830140092455
4,2019-05-31,601088.SH,0.058710488516780075
5,2019-05-31,601669.SH,0.012070581946617509
6,2019-05-31,600015.SH,0.017994996398932848
7,2019-05-31,601939.SH,0.27027537882258834
8,2019-05-31,600023.SH,0.0096332973873403
9,2019-05-31,601398.SH,0.3005191702153941
10,2019-05-31,601390.SH,0.02185143135278047
11,2019-05-31,601009.SH,0.010368916160328508
12,2019-05-31,601006.SH,0.018226775637621324
13,2019-05-31,600170.SH,0.004817758301599431
14,2019-05-31,601117.SH,0.004240782834642094
0,2019-06-28,601006.SH,0.017411161063901358
1,2019-06-28,601857.SH,0.18091962313008955
2,2019-06-28,600019.SH,0.020145542123018986
3,2019-06-28,601288.SH,0.17478152571626943
4,2019-06-28,601898.SH,0.008758182617313582
5,2019-06-28,600015.SH,0.016158059487718018
6,2019-06-28,601988.SH,0.14960489077007302
7,2019-06-28,600028.SH,0.08873793092627301
8,2019-06-28,601390.SH,0.01962237259865688
9,2019-06-28,000709.SZ,0.0041334881045313005
10,2019-06-28,601088.SH,0.05260570677347825
11,2019-06-28,601727.SH,0.010555715207804796
12,2019-06-28,601939.SH,0.23783781824062286
13,2019-06-28,600688.SH,0.007103044339408964
14,2019-06-28,601225.SH,0.011624938900840083
0,2019-07-31,601390.SH,0.022447715166549195
1,2019-07-31,600015.SH,0.016194151782306616
2,2019-07-31,601088.SH,0.05273660824268928
3,2019-07-31,601669.SH,0.010260488721185632
4,2019-07-31,600019.SH,0.019130005423742796
5,2019-07-31,601006.SH,0.015683115128739395
6,2019-07-31,601398.SH,0.26589407469165327
7,2019-07-31,600585.SH,0.027677364450099856
8,2019-07-31,601288.SH,0.16551556080051744
9,2019-07-31,601939.SH,0.240166656564057
10,2019-07-31,601169.SH,0.015142220506641506
11,2019-07-31,600900.SH,0.051996747525447966
12,2019-07-31,601898.SH,0.007746847975433816
13,2019-07-31,600028.SH,0.07924499035080639
14,2019-07-31,601899.SH,0.01016345267012972
0,2019-08-30,600015.SH,0.016967826450931298
1,2019-08-30,601988.SH,0.14915289327621187
2,2019-08-30,601390.SH,0.019688736751386677
3,2019-08-30,601985.SH,0.0119118046342533
4,2019-08-30,601939.SH,0.24463797810160295
5,2019-08-30,601088.SH,0.05267105720017592
6,2019-08-30,601398.SH,0.2661009222386248
7,2019-08-30,601998.SH,0.037572529517205765
8,2019-08-30,601225.SH,0.012218287705131581
9,2019-08-30,601669.SH,0.009807386232777335
10,2019-08-30,600019.SH,0.017687405314135197
11,2019-08-30,601006.SH,0.015387974771909195
12,2019-08-30,600900.SH,0.05406099703764923
13,2019-08-30,600028.SH,0.07934479026828843
14,2019-08-30,600011.SH,0.012789410499716526
0,2019-09-30,601985.SH,0.02389547266584248
1,2019-09-30,601006.SH,0.030677168703502743
2,2019-09-30,601899.SH,0.020262044841999404
3,2019-09-30,601225.SH,0.023479186436160353
4,2019-09-30,601669.SH,0.018682751910807285
5,2019-09-30,601898.SH,0.01712782678090586
6,2019-09-30,600019.SH,0.03417878950570563
7,2019-09-30,601288.SH,0.30767982554042317
8,2019-09-30,600900.SH,0.10063175740820707
9,2019-09-30,000709.SZ,0.0066804456316201894
10,2019-09-30,600015.SH,0.028277481005870925
11,2019-09-30,601988.SH,0.2530987277103189
12,2019-09-30,600585.SH,0.052130014207994256
13,2019-09-30,601998.SH,0.06539806897735595
14,2019-09-30,601727.SH,0.017800438673285804
0,2019-10-31,601618.SH,0.014730723576259038
1,2019-10-31,600015.SH,0.029108568312227846
2,2019-10-31,601818.SH,0.05715098830502631
3,2019-10-31,601006.SH,0.027275090605687072
4,2019-10-31,601186.SH,0.030627071836929802
5,2019-10-31,601985.SH,0.018740243609034455
6,2019-10-31,601390.SH,0.03365047307264074
7,2019-10-31,600028.SH,0.13750987843518905
8,2019-10-31,600019.SH,0.029839629306512662
9,2019-10-31,601288.SH,0.29244043751430016
10,2019-10-31,600999.SH,0.025252078063344497
11,2019-10-31,601727.SH,0.01682881126532666
12,2019-10-31,601988.SH,0.2471097101605869
13,2019-10-31,000166.SZ,0.02720409505743531
14,2019-10-31,601901.SH,0.012532200879499475
0,2019-11-29,600015.SH,0.021078270394356714
1,2019-11-29,601998.SH,0.05353228628701573
2,2019-11-29,601988.SH,0.18346972305341944
3,2019-11-29,601985.SH,0.012704773894635259
4,2019-11-29,601939.SH,0.28810314280126553
5,2019-11-29,601628.SH,0.1495268583687197
6,2019-11-29,601009.SH,0.011002409297088237
7,2019-11-29,600025.SH,0.011672405685543456
8,2019-11-29,002024.SZ,0.014189192569725293
9,2019-11-29,600028.SH,0.09340384976091919
10,2019-11-29,600900.SH,0.06162435134943149
11,2019-11-29,600000.SH,0.05385453262962157
12,2019-11-29,601390.SH,0.02120425122585694
13,2019-11-29,600999.SH,0.016594849187588637
14,2019-11-29,600383.SH,0.00803910349481293
0,2019-12-31,601998.SH,0.04207305526222771
1,2019-12-31,601390.SH,0.019777789818533262
2,2019-12-31,601988.SH,0.14510941352001203
3,2019-12-31,600015.SH,0.01546671279158499
4,2019-12-31,601288.SH,0.1677924991037797
5,2019-12-31,002024.SZ,0.012191869420863293
6,2019-12-31,601006.SH,0.015605528300916886
7,2019-12-31,601818.SH,0.029405474761269503
8,2019-12-31,600000.SH,0.04469988684838979
9,2019-12-31,601169.SH,0.014778653191084706
10,2019-12-31,601398.SH,0.25630210259446895
11,2019-12-31,600170.SH,0.0038472329390771506
12,2019-12-31,601318.SH,0.18992750633525257
13,2019-12-31,600016.SH,0.033578244398840634
14,2019-12-31,601985.SH,0.009444030713698858
0,2020-01-23,600383.SH,0.02964692598826692
1,2020-01-23,600031.SH,0.06674871138795917
2,2020-01-23,600887.SH,0.091971871500511
3,2020-01-23,600690.SH,0.06005598254130949
4,2020-01-23,600585.SH,0.12259852028592431
5,2020-01-23,600048.SH,0.08590338610409375
6,2020-01-23,000002.SZ,0.15311386418769285
7,2020-01-23,601998.SH,0.13286053451100577
8,2020-01-23,002024.SZ,0.04292439939555628
9,2020-01-23,601899.SH,0.0496675283680027
10,2020-01-23,601006.SH,0.05182474566620066
11,2020-01-23,601985.SH,0.033781789472925795
12,2020-01-23,000895.SZ,0.043460301481376015
13,2020-01-23,000157.SZ,0.022129661449818965
14,2020-01-23,600170.SH,0.013311777659356367
0,2020-02-28,600887.SH,0.07185462118939782
1,2020-02-28,600436.SH,0.028733622966627712
2,2020-02-28,002024.SZ,0.03237849060768776
3,2020-02-28,002415.SZ,0.11899781027944052
4,2020-02-28,300122.SZ,0.0346928354643239
5,2020-02-28,000858.SZ,0.16855188463145898
6,2020-02-28,603288.SH,0.09516419945803913
7,2020-02-28,601012.SH,0.04042920449084015
8,2020-02-28,603160.SH,0.04891052259089042
9,2020-02-28,000002.SZ,0.11549186409286682
10,2020-02-28,601888.SH,0.051493744096466114
11,2020-02-28,600690.SH,0.036818199319206504
12,2020-02-28,000001.SZ,0.09246335436310245
13,2020-02-28,300015.SZ,0.04060646873637999
14,2020-02-28,002555.SZ,0.023413177713271713
0,2020-03-31,600436.SH,0.028910070396500776
1,2020-03-31,002230.SZ,0.02698701668421922
2,2020-03-31,600570.SH,0.02512329710374371
3,2020-03-31,300122.SZ,0.03721874923389838
4,2020-03-31,603160.SH,0.03977597827423896
5,2020-03-31,002607.SZ,0.046146180812079204
6,2020-03-31,300015.SZ,0.03959728551255031
7,2020-03-31,600519.SH,0.45045710483503915
8,2020-03-31,600588.SH,0.03269124931839644
9,2020-03-31,002555.SZ,0.02165302218679879
10,2020-03-31,000661.SZ,0.03478771755486164
11,2020-03-31,600276.SH,0.12492257611969564
12,2020-03-31,002024.SZ,0.02554959860593327
13,2020-03-31,600837.SH,0.04418827270241414
14,2020-03-31,603986.SH,0.021991880659630543
0,2020-04-30,603288.SH,0.09539256424824871
1,2020-04-30,600276.SH,0.11501197686462687
2,2020-04-30,600570.SH,0.022685370265705967
3,2020-04-30,300015.SZ,0.037104692875836225
4,2020-04-30,002555.SZ,0.020338642458960332
5,2020-04-30,000661.SZ,0.03153408077202396
6,2020-04-30,600519.SH,0.4055213923374004
7,2020-04-30,002607.SZ,0.040455114980448736
8,2020-04-30,000895.SZ,0.03340189420307033
9,2020-04-30,002714.SZ,0.06845370128927007
10,2020-04-30,300122.SZ,0.030518364782512998
11,2020-04-30,002230.SZ,0.0176005134507972
12,2020-04-30,600837.SH,0.035521854105902924
13,2020-04-30,600588.SH,0.02774940803250465
14,2020-04-30,002916.SZ,0.018710429332690903
0,2020-05-29,600570.SH,0.023860459531416005
1,2020-05-29,300122.SZ,0.03705563618903348
2,2020-05-29,603288.SH,0.09974755740022122
3,2020-05-29,000661.SZ,0.035683937205512724
4,2020-05-29,600276.SH,0.10873504472007914
5,2020-05-29,002555.SZ,0.018582175694875185
6,2020-05-29,600519.SH,0.4421417163082564
7,2020-05-29,300015.SZ,0.039363676557607065
8,2020-05-29,600436.SH,0.02205528466692958
9,2020-05-29,000568.SZ,0.03086636853336858
10,2020-05-29,600809.SH,0.027449191962412196
11,2020-05-29,603501.SH,0.03873747915438272
12,2020-05-29,300124.SZ,0.014054616872285718
13,2020-05-29,000895.SZ,0.030711693625329682
14,2020-05-29,600837.SH,0.030955161578290414
0,2020-06-30,603501.SH,0.09816993615567218
1,2020-06-30,603986.SH,0.06140864886693591
2,2020-06-30,002607.SZ,0.09150690422436548
3,2020-06-30,600570.SH,0.05892253394684253
4,2020-06-30,002555.SZ,0.0517280766573473
5,2020-06-30,300015.SZ,0.0891265337035598
6,2020-06-30,300122.SZ,0.0794507849843051
7,2020-06-30,603658.SH,0.03451197361361096
8,2020-06-30,002475.SZ,0.17516342342753347
9,2020-06-30,600745.SH,0.06842961772523128
10,2020-06-30,300628.SZ,0.029552551431212173
11,2020-06-30,002916.SZ,0.038154885907373585
12,2020-06-30,002410.SZ,0.03943086555508714
13,2020-06-30,300347.SZ,0.036231535677286875
14,2020-06-30,603160.SH,0.04821172812363623
0,2020-07-31,603986.SH,0.04081428026790444
1,2020-07-31,002555.SZ,0.03533531679880146
2,2020-07-31,603501.SH,0.064784398849878
3,2020-07-31,300015.SZ,0.0649791433350223
4,2020-07-31,600745.SH,0.06576379636385693
5,2020-07-31,300014.SZ,0.038076616359962276
6,2020-07-31,002475.SZ,0.13951860397992308
7,2020-07-31,600570.SH,0.03867333133154758
8,2020-07-31,300413.SZ,0.03989000684977219
9,2020-07-31,600276.SH,0.16311343565536887
10,2020-07-31,300122.SZ,0.09560844957292522
11,2020-07-31,002607.SZ,0.06295805897307606
12,2020-07-31,300347.SZ,0.025460573177379407
13,2020-07-31,300628.SZ,0.017884280810457738
14,2020-07-31,002714.SZ,0.10713970767412431
0,2020-08-31,600745.SH,0.07368244685464669
1,2020-08-31,603986.SH,0.038315774698035876
2,2020-08-31,600760.SH,0.03362713638617664
3,2020-08-31,300122.SZ,0.08641481673823759
4,2020-08-31,601888.SH,0.1581981593752961
5,2020-08-31,002714.SZ,0.12739599441702443
6,2020-08-31,002555.SZ,0.036788822143866036
7,2020-08-31,603501.SH,0.05365054177646321
8,2020-08-31,601066.SH,0.14714878906882328
9,2020-08-31,300496.SZ,0.014091985849665992
10,2020-08-31,603160.SH,0.029526427776729185
11,2020-08-31,000661.SZ,0.06710945121758019
12,2020-08-31,002371.SZ,0.03230804910298475
13,2020-08-31,300014.SZ,0.0305355026717397
14,2020-08-31,300059.SZ,0.07120610192273023
0,2020-09-30,002714.SZ,0.068714365163923
1,2020-09-30,002032.SZ,0.0148256345883641
2,2020-09-30,300347.SZ,0.020381263422210992
3,2020-09-30,002555.SZ,0.01828082652517055
4,2020-09-30,603160.SH,0.015133394894895454
5,2020-09-30,300628.SZ,0.011357816444760284
6,2020-09-30,000538.SZ,0.02713131229721142
7,2020-09-30,600519.SH,0.4350389705492102
8,2020-09-30,600745.SH,0.03001375924419575
9,2020-09-30,002916.SZ,0.011401735241039494
10,2020-09-30,002841.SZ,0.012882963525956304
11,2020-09-30,000651.SZ,0.06227587068104168
12,2020-09-30,000963.SZ,0.008310801140006393
13,2020-09-30,002223.SZ,0.006112844284495383
14,2020-09-30,601318.SH,0.25813844199751884
0,2020-10-30,002714.SZ,0.08154835705785468
1,2020-10-30,000538.SZ,0.037169525647655514
2,2020-10-30,600519.SH,0.587617931709618
3,2020-10-30,002032.SZ,0.015665825845262105
4,2020-10-30,002555.SZ,0.016801196348808767
5,2020-10-30,000895.SZ,0.046010586138333184
6,2020-10-30,002311.SZ,0.02587034511272584
7,2020-10-30,000661.SZ,0.0375099276149339
8,2020-10-30,002841.SZ,0.016759789441900496
9,2020-10-30,002223.SZ,0.007492496101342466
10,2020-10-30,600436.SH,0.033060604158109276
11,2020-10-30,603501.SH,0.040652467093711495
12,2020-10-30,603160.SH,0.018549446151337926
13,2020-10-30,600486.SH,0.006714771441303256
14,2020-10-30,600745.SH,0.02857673013710307
0,2020-11-30,300124.SZ,0.04679846522802484
1,2020-11-30,300347.SZ,0.03441555556325696
2,2020-11-30,603288.SH,0.17803142080002723
3,2020-11-30,002311.SZ,0.030500208632432038
4,2020-11-30,002607.SZ,0.07472493620006518
5,2020-11-30,300015.SZ,0.08421448732451232
6,2020-11-30,000876.SZ,0.03851521881424962
7,2020-11-30,601012.SH,0.08476666055527274
8,2020-11-30,002352.SZ,0.11908743937046348
9,2020-11-30,000661.SZ,0.04788814913653872
10,2020-11-30,000895.SZ,0.05154414023765797
11,2020-11-30,300433.SZ,0.044201535361009035
12,2020-11-30,603501.SH,0.05660945753891559
13,2020-11-30,000596.SZ,0.03225539113463574
14,2020-11-30,603259.SH,0.07644693410293857
0,2020-12-31,002714.SZ,0.130073209162467
1,2020-12-31,600745.SH,0.047810909275253353
2,2020-12-31,000895.SZ,0.061333949535944336
3,2020-12-31,002311.SZ,0.04031778278477605
4,2020-12-31,000876.SZ,0.035785422640987045
5,2020-12-31,601100.SH,0.05127357479904642
6,2020-12-31,600989.SH,0.02924370548212274
7,2020-12-31,603986.SH,0.03134039944484517
8,2020-12-31,300433.SZ,0.044948407928442125
9,2020-12-31,603288.SH,0.2162446403543152
10,2020-12-31,002493.SZ,0.061107263708000986
11,2020-12-31,300124.SZ,0.05214553247883624
12,2020-12-31,600346.SH,0.06395859774200224
13,2020-12-31,002938.SZ,0.036480015784628436
14,2020-12-31,300015.SZ,0.09793658887833263
0,2021-01-29,002714.SZ,0.10604015958385407
1,2021-01-29,002311.SZ,0.03427834561809857
2,2021-01-29,600763.SH,0.030058281035719454
3,2021-01-29,000895.SZ,0.04997689483141115
4,2021-01-29,603288.SH,0.19610194409618334
5,2021-01-29,000661.SZ,0.05594060173986826
6,2021-01-29,300124.SZ,0.049140407559160354
7,2021-01-29,002812.SZ,0.03410956838794561
8,2021-01-29,601100.SH,0.04351806247227344
9,2021-01-29,300122.SZ,0.07139224943841022
10,2021-01-29,002352.SZ,0.12622719621666445
11,2021-01-29,300015.SZ,0.090432809620109
12,2021-01-29,600745.SH,0.0363823071312861
13,2021-01-29,002410.SZ,0.02710772299379873
14,2021-01-29,600436.SH,0.04929344927521743
